,accel,ang3d,ang,cic_t000,cic_t020,dir_change,dir_change_summed,joints_accel,joints
precision,0.7704918032786885,0.0,0.5,1.0,0.9987341772151899,0.0,0.0,0.38613861386138615,0.3813559322033898
recall,0.05414746543778802,0.0,0.002304147465437788,0.8820861678004536,0.8945578231292517,0.0,0.0,0.044930875576036866,0.05061867266591676
f1,0.10118406889128095,0.0,0.004587155963302752,0.9373493975903614,0.94377990430622,0.0,0.0,0.0804953560371517,0.08937437934458789
