,bandung_mar27,bandung_mar27_2,bandung_mar27_3,bandung_may19_2,boba_apr11,boba_apr21,boba_apr21_2,boba_apr25,boba_apr25_2,briyani_may19,horlicks_apr12,koi_apr11,koi_apr17,koi_apr25,koi_apr25_3,koi_apr25_4,koi_apr25_5,koi_apr25_6,tutukueh_apr21
precision,0.001728608470181504,0.007337526205450734,0.046255506607929514,0.0,0.8453563714902808,0.684234438891413,0.8021851638872916,0.5627466456195738,0.39351851851851855,0.0,0.0,0.12452830188679245,0.06511627906976744,0.15202702702702703,0.005344995140913508,0.02909090909090909,0.156158357771261,0.26732673267326734,0.0
recall,0.022222222222222223,0.07777777777777778,0.05384615384615385,0.0,0.9060185185185186,0.9296296296296296,0.9207920792079208,0.8802469135802469,0.9444444444444444,0.0,0.0,0.02558139534883721,0.010313075506445672,0.13392857142857142,0.00873015873015873,0.024242424242424242,0.08875,0.08571428571428572,0.0
f1,0.0032076984763432237,0.013409961685823755,0.04976303317535545,0.0,0.8746368715083799,0.7882753205967025,0.8574062692071297,0.6865671641791045,0.5555555555555556,0.0,0.0,0.04244372990353698,0.0178060413354531,0.14240506329113925,0.006630500301386378,0.026446280991735537,0.11317747077577045,0.12980769230769232,0.0
accuracy,0.9414342254052016,0.9514700339238598,0.9244251790425932,0.926660516605166,0.9471353185073502,0.9550530585032502,0.9534066375458151,0.9693271767810027,0.935969868173258,0.9277193362975816,0.9138192041522492,0.685200845665962,0.6622197922361946,0.8144017219450151,0.8226812997632882,0.748182984181274,0.8427252167357708,0.6153028692879915,0.950016605778811
