,bandung_mar27,bandung_mar27_2,bandung_mar27_3,bandung_may19_2,boba_apr11,boba_apr21,boba_apr21_2,boba_apr25,boba_apr25_2,briyani_may19,horlicks_apr12,koi_apr11,koi_apr17,koi_apr25,koi_apr25_3,koi_apr25_4,koi_apr25_5,koi_apr25_6,tutukueh_apr21
precision,0.0,0.01466275659824047,0.0653930933137399,0.0,0.2349042709867452,0.0371900826446281,0.15674603174603174,0.17817947062621045,0.15384615384615385,0.0,0.0,0.9957081545064378,0.9923954372623575,0.9930715935334873,0.9511111111111111,1.0,0.9490740740740741,1.0,0.0
recall,0.0,0.2222222222222222,0.1141025641025641,0.0,0.0738425925925926,0.03888888888888889,0.05214521452145215,0.34074074074074073,0.06666666666666667,0.0,0.0,0.9179030662710188,0.9622119815668203,0.8865979381443299,0.9469026548672567,0.896551724137931,0.8559498956158664,0.8740740740740741,0.0
f1,0.0,0.027510316368638238,0.0831387202241943,0.0,0.11236350827756252,0.038020519010259504,0.0782565626547796,0.23399745654938534,0.09302325581395349,0.0,0.0,0.9552238805970149,0.9770706598034627,0.9368191721132898,0.9490022172949002,0.9454545454545454,0.9001097694840834,0.932806324110672,0.0
accuracy,0.9225876366377685,0.933377308707124,0.907510365623822,0.985239852398524,0.762532981530343,0.8228790488360465,0.8131244665361249,0.9148605352431209,0.9449152542372882,0.9254419260383906,0.8684039792387543,0.9770084566596194,0.9866047020229634,0.9858156028368794,0.993813878429263,0.9871794871794872,0.978563015312132,0.9549071618037135,0.8709730986383262
