,bandung_mar27,bandung_mar27_2,bandung_mar27_3,bandung_may19_2,boba_apr11,boba_apr21,boba_apr21_2,boba_apr25,boba_apr25_2,briyani_may19,horlicks_apr12,koi_apr11,koi_apr17,koi_apr25,koi_apr25_3,koi_apr25_4,koi_apr25_5,koi_apr25_6,tutukueh_apr21
precision,0.0,0.015779092702169626,0.06283524904214559,0.0,0.2659808963997061,0.034353529044347283,0.16063829787234044,0.15119363395225463,0.044444444444444446,0.0,0.0,0.9980694980694981,1.0,1.0,0.984251968503937,0.9836065573770492,0.9916839916839917,1.0,0.0
recall,0.0,0.17777777777777778,0.10512820512820513,0.0,0.0837962962962963,0.033950617283950615,0.04983498349834983,0.2814814814814815,0.011111111111111112,0.0,0.0,0.988527724665392,0.9972350230414746,0.9934640522875817,0.9960159362549801,1.0,0.9855371900826446,0.9919354838709677,0.0
f1,0.0,0.028985507246376812,0.07865707434052757,0.0,0.1274423516986446,0.034150884818379384,0.07607052896725441,0.19672131147540983,0.017777777777777778,0.0,0.0,0.9932756964457252,0.9986155976003692,0.9967213114754099,0.9900990099009901,0.9917355371900827,0.9886010362694301,0.9959514170040485,0.0
accuracy,0.9304069027299732,0.9494554198689236,0.9094252440001886,0.9944263817928471,0.76627846668867,0.8270129003558719,0.8156969148829264,0.9122070818991938,0.9477911646586346,0.9314050035274326,0.8665115524051729,0.9962972758529489,0.9991792065663475,0.9992657856093979,0.9986541049798116,0.9978494623655914,0.9974068835454974,0.9973262032085561,0.877901501301867
