,bandung_mar27,bandung_mar27_2,bandung_mar27_3,bandung_may19_2,boba_apr11,boba_apr21,boba_apr21_2,boba_apr25,boba_apr25_2,briyani_may19,horlicks_apr12,koi_apr11,koi_apr17,koi_apr25,koi_apr25_3,koi_apr25_4,koi_apr25_5,koi_apr25_6,tutukueh_apr21
precision,0.0,0.0059363194819212085,0.04968226458694396,0.0,0.22269417475728157,0.05906195715112913,0.2230005837711617,0.05897887323943662,0.03597122302158273,0.0,0.0,0.9271948608137045,0.9692011549566891,0.8192771084337349,0.6728971962616822,0.9032258064516129,0.7801268498942917,0.8869565217391304,0.0
recall,0.0,0.12222222222222222,0.11025641025641025,0.0,0.0849537037037037,0.06296296296296296,0.12607260726072608,0.1654320987654321,0.05555555555555555,0.0,0.0,0.8391472868217055,0.9264029438822448,0.576271186440678,0.8503937007874016,0.8888888888888888,0.7901498929336188,0.7727272727272727,0.0
f1,0.0,0.011322696860524962,0.06849860613301474,0.0,0.12298927613941019,0.060950104571257845,0.16107948555766394,0.08695652173913043,0.043668122270742356,0.0,0.0,0.8809766022380467,0.9473189087488241,0.6766169154228856,0.7513043478260869,0.896,0.7851063829787234,0.8259109311740891,0.0
accuracy,0.9072747832642292,0.9094892574444026,0.889794572182435,0.9511070110701108,0.753392385978138,0.8253791877326518,0.8002209168047397,0.8674142480211082,0.8968926553672316,0.8857499186639193,0.8628892733564014,0.9381606765327696,0.9693821760524877,0.9364147713377354,0.9615384615384616,0.9722222222222222,0.9524146054181389,0.8859416445623343,0.86493966567032
