,bandung_mar27,bandung_mar27_2,bandung_mar27_3,bandung_may19_2,boba_apr11,boba_apr21,boba_apr21_2,boba_apr25,boba_apr25_2,briyani_may19,horlicks_apr12,koi_apr11,koi_apr17,koi_apr25,koi_apr25_3,koi_apr25_4,koi_apr25_5,koi_apr25_6,tutukueh_apr21
precision,0.0,0.0,0.0,0.0,0.0,0.0,0.0,0.0,0.0,0.0,0.0,1.0,1.0,1.0,1.0,1.0,1.0,1.0,0.0
recall,0.0,0.0,0.0,0.0,0.0,0.0,0.0,0.0,0.0,0.0,0.0,0.1318359375,0.10849056603773585,0.09307359307359307,0.11023622047244094,0.07462686567164178,0.10995850622406639,0.0703125,0.0
f1,0.0,0.0,0.0,0.0,0.0,0.0,0.0,0.0,0.0,0.0,0.0,0.23295944779982744,0.19574468085106383,0.1702970297029703,0.19858156028368795,0.1388888888888889,0.19813084112149532,0.13138686131386862,0.0
accuracy,0.9957595175273276,0.9957595175273276,0.9632491519035055,1.0,0.7964568413117226,0.9099949997222068,0.8478686549179093,0.961835657745948,0.9576271186440678,1.0,1.0,0.7650634249471459,0.741662110442865,0.8975299584250428,0.9392146315223239,0.8675213675213675,0.8989399293286219,0.6843501326259946,1.0
