,bandung_mar27,bandung_mar27_2,bandung_mar27_3,bandung_may19_2,boba_apr11,boba_apr21,boba_apr21_2,boba_apr25,boba_apr25_2,briyani_may19,horlicks_apr12,koi_apr11,koi_apr17,koi_apr25,koi_apr25_3,koi_apr25_4,koi_apr25_5,koi_apr25_6,tutukueh_apr21
precision,0.0,0.010256410256410256,0.0616822429906542,0.0,0.2732342007434944,0.04281345565749235,0.23397435897435898,0.10311572700296735,0.0,0.0,0.0,0.996996996996997,0.9990800367985281,0.9806451612903225,0.9924528301886792,1.0,0.9818548387096774,1.0,0.0
recall,0.0,0.08888888888888889,0.08461538461538462,0.0,0.06805555555555555,0.0345679012345679,0.048184818481848184,0.17160493827160495,0.0,0.0,0.0,0.9871159563924677,0.9963302752293578,0.9363449691991786,0.9850187265917603,0.9846153846153847,0.9838383838383838,0.9701492537313433,0.0
f1,0.0,0.01839080459770115,0.07135135135135136,0.0,0.10896960711638251,0.03825136612021858,0.07991242474001095,0.12882298424467098,0.0,0.0,0.0,0.9920318725099602,0.9977032613688562,0.957983193277311,0.9887218045112782,0.9922480620155039,0.9828456104944501,0.9848484848484849,0.0
accuracy,0.9588382290537036,0.9597340751567731,0.9189966523645622,0.9911751045053414,0.7733037861285303,0.8434163701067615,0.8310722540448197,0.9113583855910227,0.944247578549492,0.9292885439843708,0.8685677181970672,0.9957683152605131,0.9986320109439124,0.9902104747919726,0.9983849259757739,0.9978494623655914,0.995992456388496,0.9893048128342246,0.8889258212841393
