,bandung_mar27,bandung_mar27_2,bandung_mar27_3,bandung_may19_2,boba_apr11,boba_apr21,boba_apr21_2,boba_apr25,boba_apr25_2,briyani_may19,horlicks_apr12,koi_apr11,koi_apr17,koi_apr25,koi_apr25_3,koi_apr25_4,koi_apr25_5,koi_apr25_6,tutukueh_apr21
precision,0.0,0.017064846416382253,0.021939953810623556,0.0,0.2102803738317757,0.035168195718654434,0.10238907849829351,0.1546310832025118,0.0,0.0,0.0,0.9989743589743589,0.9981203007518797,0.9428571428571428,0.9966216216216216,0.9857142857142858,0.99800796812749,1.0,0.0
recall,0.0,0.1111111111111111,0.02435897435897436,0.0,0.052083333333333336,0.028395061728395062,0.019801980198019802,0.24320987654320989,0.0,0.0,0.0,0.9938775510204082,0.9971830985915493,0.9794520547945206,1.0,1.0,0.9901185770750988,1.0,0.0
f1,0.0,0.029585798816568046,0.023086269744835967,0.0,0.08348794063079777,0.031420765027322405,0.033185840707964605,0.1890595009596929,0.0,0.0,0.0,0.9964194373401535,0.9976514795678723,0.9608062709966405,0.9983079526226735,0.9928057553956835,0.9940476190476191,1.0,0.0
accuracy,0.965839388506181,0.9690478437293574,0.9241294706048881,0.990645463049579,0.766915164669246,0.8421726306416606,0.8242067682405592,0.9202604510710578,0.9473684210526315,0.9399304801216598,0.8824867323730099,0.998147167813658,0.9986308871851041,0.9914278716629928,0.9997306034482759,0.9978354978354979,0.9985845718329794,1.0,0.8908294522066977
