,bandung_mar27,bandung_mar27_2,bandung_mar27_3,bandung_may19_2,boba_apr11,boba_apr21,boba_apr21_2,boba_apr25,boba_apr25_2,briyani_may19,horlicks_apr12,koi_apr11,koi_apr17,koi_apr25,koi_apr25_3,koi_apr25_4,koi_apr25_5,koi_apr25_6,tutukueh_apr21
precision,0.004524886877828055,0.012690355329949238,0.04945054945054945,0.0,0.296195652173913,0.08037825059101655,0.22181818181818183,0.09667673716012085,0.15,0.0,0.0,0.5425531914893617,0.6235294117647059,0.9285714285714286,0.4482758620689655,0.5,0.20238095238095238,0.5,0.0
recall,0.022222222222222223,0.05555555555555555,0.03461538461538462,0.0,0.025231481481481483,0.020987654320987655,0.02013201320132013,0.03950617283950617,0.016666666666666666,0.0,0.0,0.05105105105105105,0.05066921606118547,0.026422764227642278,0.057777777777777775,0.029850746268656716,0.035269709543568464,0.03731343283582089,0.0
f1,0.007518796992481203,0.02066115702479339,0.04072398190045249,0.0,0.046501706484641636,0.033284385707293196,0.03691376701966717,0.056091148115687994,0.03,0.0,0.0,0.09332113449222323,0.09372236958443855,0.05138339920948617,0.10236220472440945,0.056338028169014086,0.06007067137809187,0.06944444444444445,0.0
accuracy,0.9751400725081218,0.9776825650925185,0.9401101746786572,0.9876316994961063,0.789538113847168,0.8903630509603642,0.840307043949428,0.9492913979000894,0.9544921416842599,0.9820664246627296,0.9760142617902868,0.7383152891470821,0.7200218519530183,0.8826979472140762,0.9387261488847084,0.8577494692144374,0.8747645951035782,0.6473684210526316,0.973729329130026
