,bandung_mar27,bandung_mar27_2,bandung_mar27_3,bandung_may19_2,boba_apr11,boba_apr21,boba_apr21_2,boba_apr25,boba_apr25_2,briyani_may19,horlicks_apr12,koi_apr11,koi_apr17,koi_apr25,koi_apr25_3,koi_apr25_4,koi_apr25_5,koi_apr25_6,tutukueh_apr21
precision,0.0006574621959237344,0.020914020139426802,0.07229832572298325,0.0,0.24455375966268447,0.05595315549772284,0.13727272727272727,0.10985074626865672,0.0,0.0,0.0,0.9803063457330415,0.99000999000999,0.9465648854961832,0.8780487804878049,0.9827586206896551,0.8983050847457628,0.9743589743589743,0.0
recall,0.011111111111111112,0.3,0.12179487179487179,0.0,0.08055555555555556,0.05308641975308642,0.04983498349834983,0.2271604938271605,0.0,0.0,0.0,0.8690591658583899,0.9510556621880998,0.775,0.9163636363636364,0.9661016949152542,0.7927350427350427,0.8507462686567164,0.0
f1,0.0012414649286157666,0.0391020999275887,0.09073543457497613,0.0,0.1211910151488769,0.05448210326259107,0.07312348668280871,0.14808853118712273,0.0,0.0,0.0,0.9213367609254499,0.9701419481155164,0.852233676975945,0.896797153024911,0.9743589743589743,0.8422247446083996,0.9083665338645418,0.0
accuracy,0.9241895966830004,0.9374764417640407,0.9102902374670184,0.9621771217712177,0.762203166226913,0.834157453191844,0.8078023798764874,0.9002544289483604,0.9105461393596986,0.9161153887864657,0.867268598615917,0.9595665961945031,0.9833242208857299,0.9684519442406456,0.984400215169446,0.9935897435897436,0.9672555948174323,0.9389920424403183,0.882707848998118
