,bandung_mar27,bandung_mar27_2,bandung_mar27_3,bandung_may19_2,boba_apr11,boba_apr21,boba_apr21_2,boba_apr25,boba_apr25_2,briyani_may19,horlicks_apr12,koi_apr11,koi_apr17,koi_apr25,koi_apr25_3,koi_apr25_4,koi_apr25_5,koi_apr25_6,tutukueh_apr21
precision,0.0,0.0014925373134328358,0.07015706806282722,0.0,0.2413515687851971,0.04576043068640646,0.1544943820224719,0.20485175202156333,0.0,0.0,0.0,0.9970817120622568,0.999043062200957,0.9956236323851203,0.9857651245551602,0.9701492537313433,1.0,1.0,0.0
recall,0.0,0.011111111111111112,0.0858974358974359,0.0,0.06944444444444445,0.04197530864197531,0.036303630363036306,0.37530864197530867,0.0,0.0,0.0,0.9941804073714839,0.9961832061068703,0.9891304347826086,1.0,1.0,0.9937629937629938,0.986013986013986,0.0
f1,0.0,0.002631578947368421,0.07723342939481267,0.0,0.10785547366528851,0.0437862202189311,0.05879208979155532,0.26503923278116825,0.0,0.0,0.0,0.9956289460903351,0.9976110845676063,0.9923664122137404,0.992831541218638,0.9848484848484849,0.9968717413972888,0.9929577464788732,0.0
accuracy,0.9430971029536661,0.9642351608945928,0.9244597527602152,0.999532273152479,0.7658299518731716,0.8347153430908787,0.8228993815055061,0.9204491837312447,0.9464201043148411,0.9473712796002607,0.8668905014621466,0.9976177871889889,0.9986308871851041,0.9982855743325986,0.9989224137931034,0.9956709956709957,0.9992922859164898,0.9946091644204852,0.8924373475271679
