,bandung_mar27,bandung_mar27_2,bandung_mar27_3,bandung_may19_2,boba_apr11,boba_apr21,boba_apr21_2,boba_apr25,boba_apr25_2,briyani_may19,horlicks_apr12,koi_apr11,koi_apr17,koi_apr25,koi_apr25_3,koi_apr25_4,koi_apr25_5,koi_apr25_6,tutukueh_apr21
precision,0.0,0.0,0.1440501043841336,0.0,0.9534331195058209,0.8432203389830508,0.9223918575063613,0.908641975308642,0.5504587155963303,0.0,0.0,0.3324396782841823,0.0,0.04236078058067587,0.0,0.053418803418803416,0.2965722801788376,0.7301587301587301,0.0
recall,0.0,0.0,0.08846153846153847,0.0,0.9289351851851851,0.9827160493827161,0.9570957095709571,0.908641975308642,1.0,0.0,0.0,0.024031007751937984,0.0,0.03852813852813853,0.0,0.07575757575757576,0.08291666666666667,0.14603174603174604,0.0
f1,0.0,0.0,0.1096108022239873,0.0,0.9410247391253371,0.9076396807297605,0.9394233884029802,0.908641975308642,0.7100591715976331,0.0,0.0,0.04482197722754383,0.0,0.040353661301292226,0.0,0.06265664160401002,0.12959947899706936,0.24338624338624337,0.0
accuracy,0.9770527409226121,0.9854572926011615,0.9470702110581236,0.9769194536033914,0.976250059020728,0.981953882143255,0.9811795491143317,0.9930119457953633,0.9650249821556032,0.9515138337772463,0.937672754864235,0.72,0.6882981638805152,0.7924694808060009,0.8731596828992072,0.6739319965126417,0.8737900750743661,0.688622754491018,0.9778036734920371
