,bandung_mar27,bandung_mar27_2,bandung_mar27_3,bandung_may19_2,boba_apr11,boba_apr21,boba_apr21_2,boba_apr25,boba_apr25_2,briyani_may19,horlicks_apr12,koi_apr11,koi_apr17,koi_apr25,koi_apr25_3,koi_apr25_4,koi_apr25_5,koi_apr25_6,tutukueh_apr21
precision,0.0,0.006688963210702341,0.11208791208791209,0.0,0.9324804548685146,0.8390804597701149,0.9331550802139037,0.8593939393939394,0.540785498489426,0.0,0.0,0.18292682926829268,0.027253668763102725,0.05536332179930796,0.0,0.03935185185185185,0.2823397075365579,0.4899328859060403,0.0
recall,0.0,0.022222222222222223,0.06538461538461539,0.0,0.9111111111111111,0.9462962962962963,0.9214521452145215,0.8753086419753087,0.9944444444444445,0.0,0.0,0.01744186046511628,0.0023941068139963165,0.041343669250646,0.0,0.051515151515151514,0.10458333333333333,0.11587301587301588,0.0
f1,0.0,0.010282776349614395,0.0825910931174089,0.0,0.9216719353705655,0.8894691035683203,0.9272666888077051,0.8672782874617737,0.700587084148728,0.0,0.0,0.03184713375796178,0.004401557474183172,0.047337278106508875,0.0,0.04461942257217848,0.15262997871693523,0.18741976893453144,0.0
accuracy,0.9690950268944041,0.9818344814570161,0.9465414740020761,0.9621141253507951,0.9684344625837501,0.978796816739941,0.9779755619248756,0.9897612531848636,0.9637268847795164,0.9582337605909189,0.9440593523231886,0.7103229221810482,0.6779299014238773,0.8106995884773662,0.8782196357366095,0.6847119965352967,0.8685005190148155,0.658207343412527,0.975659791528055
