,bandung_mar27,bandung_mar27_2,bandung_mar27_3,bandung_may19_2,boba_apr11,boba_apr21,boba_apr21_2,boba_apr25,boba_apr25_2,briyani_may19,horlicks_apr12,koi_apr11,koi_apr17,koi_apr25,koi_apr25_3,koi_apr25_4,koi_apr25_5,koi_apr25_6,tutukueh_apr21
precision,0.0,0.017064846416382253,0.05621621621621622,0.0,0.8582784465137406,0.7112848070346849,0.8107187112763321,0.5803489439853077,0.3557312252964427,0.0,0.0,0.17104072398190046,0.03655913978494624,0.08322147651006712,0.03002144388849178,0.013806706114398421,0.18425076452599387,0.4132231404958678,0.0
recall,0.0,0.16666666666666666,0.06666666666666667,0.0,0.8747685185185186,0.8987654320987655,0.8636963696369637,0.7802469135802469,1.0,0.0,0.0,0.03662790697674419,0.006261510128913444,0.05305947796320069,0.03333333333333333,0.021212121212121213,0.10041666666666667,0.15873015873015872,0.0
f1,0.0,0.030959752321981424,0.06099706744868035,0.0,0.8664450303794566,0.7941096263976002,0.8363694471077021,0.6656134807793576,0.5247813411078717,0.0,0.0,0.060335195530726256,0.010691823899371069,0.06480271753331591,0.03159082361790147,0.016726403823178016,0.12998921251348436,0.22935779816513763,0.0
accuracy,0.9452590881229667,0.9557263425904098,0.9245131783676741,0.9484440315838365,0.9450704889433731,0.9580182384341637,0.9485478846347101,0.9700598802395209,0.9229860618946374,0.9308080533999024,0.9263567988745198,0.6886008992330072,0.6557045143638851,0.8247907181671318,0.8613578851020298,0.6458691910499139,0.8478947616577868,0.6400642742367434,0.952966594648496
