,bandung_mar27,bandung_mar27_2,bandung_mar27_3,bandung_may19_2,boba_apr11,boba_apr21,boba_apr21_2,boba_apr25,boba_apr25_2,briyani_may19,horlicks_apr12,koi_apr11,koi_apr17,koi_apr25,koi_apr25_3,koi_apr25_4,koi_apr25_5,koi_apr25_6,tutukueh_apr21
precision,0.0,0.0170261066969353,0.05094130675526024,0.0,0.8582784465137406,0.7120470127326151,0.8118596709096554,0.58195211786372,0.3557312252964427,0.0,0.0,0.15718157181571815,0.03956043956043956,0.08464163822525597,0.025899280575539568,0.013539651837524178,0.179304897314376,0.4192139737991266,0.0
recall,0.0,0.16666666666666666,0.05897435897435897,0.0,0.8747685185185186,0.8975308641975308,0.863036303630363,0.7802469135802469,1.0,0.0,0.0,0.03372093023255814,0.0066298342541436465,0.05305947796320069,0.02857142857142857,0.021212121212121213,0.09458333333333334,0.1523809523809524,0.0
f1,0.0,0.030895983522142123,0.05466428995840761,0.0,0.8664450303794566,0.7941015838339706,0.836666133418653,0.6666666666666666,0.5247813411078717,0.0,0.0,0.05552896122546673,0.011356466876971609,0.06522882693319305,0.027169811320754716,0.01652892561983471,0.12384069830878341,0.22351571594877764,0.0
accuracy,0.9459663350464426,0.955632043000613,0.924984676316658,0.9572689270784951,0.9450704889433731,0.9580738434163701,0.9486986232539443,0.9702013296242161,0.9229860618946374,0.9328159765561405,0.9235972079432931,0.6869082253372124,0.6570177838577291,0.8260145885347824,0.861196360307974,0.641566265060241,0.8485548587863643,0.6427423674343867,0.9532989862057504
